,summary,duration,start
0,Haircut,0 days 01:00:00.000000000,2020-07-04T05:00:00+00:00
1,Social - Tal Abib,0 days 02:00:00.000000000,2020-01-13T02:00:00+00:00
2,Learn - Power and Politics,0 days 01:00:00.000000000,2020-10-02T05:00:00+00:00
3,Shiran - Lunch @ Park + Coffee,0 days 04:00:00.000000000,2020-02-17T00:00:00+00:00
4,Social - Mati - Hike,0 days 05:00:00.000000000,2020-03-29T20:00:00+00:00
5,Social - David Pervan,0 days 02:00:00.000000000,2020-03-09T00:00:00+00:00
6,Cleanup - email,0 days 01:00:00.000000000,2020-04-19T19:00:00+00:00
7,Haircut,0 days 01:00:00.000000000,2020-01-06T10:00:00+00:00
8,Cleanup - email,0 days 01:00:00.000000000,2020-10-06T03:00:00+00:00
9,What course,0 days 01:00:00.000000000,2020-05-12T05:00:00+00:00
10,Cleanup - email,0 days 01:00:00.000000000,2020-03-29T19:00:00+00:00
11,Social - Mati - Shasta Lake,2 days 00:00:00.000000000,2020-05-23T00:00:00+00:00
12,Code - Problem Solving,0 days 01:00:00.000000000,2020-05-03T18:00:00+00:00
13,Social - Elior,0 days 03:00:00.000000000,2020-11-14T22:00:00+00:00
14,Code - Problem Solving,0 days 01:00:00.000000000,2020-06-21T18:30:00+00:00
15,Shiran - Anniversary,0 days 02:00:00.000000000,2020-11-03T05:00:00+00:00
16,Code - Text2Vid,0 days 03:00:00.000000000,2020-06-30T03:00:00+00:00
17,Social - Mati - Movie night,0 days 03:00:00.000000000,2020-02-21T04:00:00+00:00
18,Taxes,0 days 02:00:00.000000000,2020-03-01T18:00:00+00:00
19,.,1 days 00:00:00.000000000,2020-10-24T00:00:00+00:00
20,Social - Cambria,0 days 02:00:00.000000000,2020-02-02T08:00:00+00:00
21,ML - Deepmoney - Preprocessing,0 days 03:00:00.000000000,2020-04-14T03:00:00+00:00
22,Plan - Week,0 days 01:00:00.000000000,2020-12-13T20:00:00+00:00
23,Analyze - GDP vs S&P 500,0 days 02:00:00.000000000,2020-10-26T03:00:00+00:00
24,Code - Interview - Preparation,0 days 03:00:00.000000000,2020-03-30T03:00:00+00:00
25,Social - Gal,0 days 04:00:00.000000000,2020-05-31T22:30:00+00:00
26,Shiran - Beach,0 days 04:00:00.000000000,2020-06-07T22:00:00+00:00
27,Learn - Power and Politics,0 days 01:00:00.000000000,2020-10-13T03:00:00+00:00
28,ML - Interview,0 days 01:00:00.000000000,2020-02-27T06:00:00+00:00
29,Analyze - Habit,0 days 01:00:00.000000000,2020-01-07T08:00:00+00:00
30,Postnup,0 days 00:30:00.000000000,2020-11-13T05:00:00+00:00
31,"Social - Yoni, Anna",0 days 03:00:00.000000000,2020-12-12T05:00:00+00:00
32,Code - Problem solving - Advents,0 days 02:00:00.000000000,2020-01-01T08:00:00+00:00
33,Cleanup - email,0 days 01:00:00.000000000,2020-09-27T18:00:00+00:00
34,Code - Problem Solving,0 days 01:00:00.000000000,2020-04-05T18:30:00+00:00
35,Social - Family - beach,0 days 04:00:00.000000000,2020-07-26T14:00:00+00:00
36,Social - Liad,0 days 02:00:00.000000000,2020-04-20T02:00:00+00:00
37,Social - Family,0 days 05:00:00.000000000,2020-07-25T16:00:00+00:00
38,Shiran - Beach,0 days 03:00:00.000000000,2020-07-30T07:00:00+00:00
39,Code - Text2Vid,0 days 01:00:00.000000000,2020-06-03T03:00:00+00:00
40,Game developement - Unity,0 days 03:00:00.000000000,2020-05-17T02:00:00+00:00
41,הסכם ממון,0 days 01:00:00.000000000,2020-11-19T05:00:00+00:00
42,Cleanup - email,0 days 01:00:00.000000000,2020-06-09T04:00:00+00:00
43,"Social - Eyal, Daniel, Ziv, Guy",0 days 05:00:00.000000000,2020-08-01T16:00:00+00:00
44,Code - Leetcode - Analyze,0 days 01:00:00.000000000,2020-04-19T22:00:00+00:00
45,Shiran - KISS concert,0 days 03:30:00.000000000,2020-03-07T04:30:00+00:00
46,Read - Sella's Book,0 days 01:00:00.000000000,2020-05-20T04:00:00+00:00
47,Social - Mati,0 days 04:00:00.000000000,2020-06-13T03:00:00+00:00
48,Code - Interview - Preparation - System Design,0 days 03:00:00.000000000,2020-03-25T03:00:00+00:00
49,Analyze - IQ by country,0 days 02:00:00.000000000,2020-01-19T21:00:00+00:00
50,Social - Sella,0 days 03:00:00.000000000,2020-01-18T05:00:00+00:00
51,Analyze - Free Will,0 days 01:00:00.000000000,2020-05-13T05:00:00+00:00
52,Send contract to lawyer,0 days 00:30:00.000000000,2020-01-17T17:00:00+00:00
53,Social - Valansi,0 days 04:00:00.000000000,2020-01-11T11:00:00+00:00
54,Flight  UA954 SFO to TLV,0 days 13:55:00.000000000,2020-07-09T02:00:00+00:00
55,Social - Sella,0 days 02:00:00.000000000,2020-01-23T04:30:00+00:00
56,Real Estate - New lease + cleaning,0 days 03:00:00.000000000,2020-10-21T03:00:00+00:00
57,Umbrella insurance ,0 days 01:00:00.000000000,2020-10-06T04:00:00+00:00
58,Call - HSBC ,0 days 00:30:00.000000000,2020-01-17T16:30:00+00:00
59,Social - Limor - wedding,0 days 06:00:00.000000000,2020-07-24T15:00:00+00:00
60,Code - Problem Solving,0 days 02:00:00.000000000,2020-12-17T05:00:00+00:00
61,Social - Mati,0 days 03:00:00.000000000,2020-05-10T01:00:00+00:00
62,Shiran - Beach,0 days 03:00:00.000000000,2020-07-04T23:00:00+00:00
63,Code - System design,0 days 02:00:00.000000000,2020-02-20T04:00:00+00:00
64,What to do,0 days 01:00:00.000000000,2020-04-08T05:00:00+00:00
65,What to do,0 days 01:00:00.000000000,2020-04-07T05:00:00+00:00
66,Learn - Power and Politics,0 days 02:00:00.000000000,2020-09-23T04:00:00+00:00
67,Real Estate - Sign Contract,0 days 02:15:00.000000000,2020-01-24T04:15:00+00:00
68,Social - Sella - Hike,0 days 05:00:00.000000000,2020-05-09T20:00:00+00:00
69,Learn - Unity,0 days 03:00:00.000000000,2020-04-11T20:00:00+00:00
70,Shiran - Movie,0 days 02:00:00.000000000,2020-06-15T04:00:00+00:00
71,Kicking off 2020 at Microsoft Reactor,0 days 02:00:00.000000000,2020-01-31T02:00:00+00:00
72,Social - Mati - Dinner,0 days 02:00:00.000000000,2020-02-22T04:00:00+00:00
73,Code - Interview - Preparation - System Design,0 days 02:00:00.000000000,2020-04-22T04:00:00+00:00
74,Social - Maya,0 days 04:00:00.000000000,2020-10-11T01:00:00+00:00
75,"Social - Mati, Sella",0 days 03:00:00.000000000,2020-03-12T04:00:00+00:00
76,Cleanup - email,0 days 01:00:00.000000000,2020-03-05T05:00:00+00:00
77,ML - Face detection,0 days 03:00:00.000000000,2020-01-10T12:00:00+00:00
78,Cleanup - email,0 days 02:00:00.000000000,2020-03-22T22:00:00+00:00
79,Code - Text2Vid,0 days 02:00:00.000000000,2020-06-19T04:00:00+00:00
80,What to do,0 days 01:00:00.000000000,2020-05-13T04:00:00+00:00
81,Day off,1 days 00:00:00.000000000,2020-06-15T00:00:00+00:00
82,Social - Sivan,0 days 03:00:00.000000000,2020-05-31T19:30:00+00:00
83,Code - Interview - Preparation - System Design,0 days 02:00:00.000000000,2020-03-26T04:00:00+00:00
84,Keystone/Jordan NLP Conversation,0 days 00:45:00.000000000,2020-07-08T22:00:00+00:00
85,Analyze - Police Unjustified Shooting vs. Race,0 days 01:30:00.000000000,2020-05-29T03:30:00+00:00
86,Code - Text2Vid,0 days 03:00:00.000000000,2020-07-03T17:00:00+00:00
87,Code - Problem Solving,0 days 01:00:00.000000000,2020-10-11T17:00:00+00:00
88,Errands - Change address,0 days 03:00:00.000000000,2020-08-04T07:00:00+00:00
89,Social - Javi,0 days 04:00:00.000000000,2020-07-05T23:00:00+00:00
90,Code - Text2Vid,0 days 02:00:00.000000000,2020-06-22T03:00:00+00:00
91,Code - System design,0 days 03:00:00.000000000,2020-02-18T04:00:00+00:00
92,"Social - Mati, Liad - Seder",0 days 04:00:00.000000000,2020-04-09T03:00:00+00:00
93,Cleanup - email,0 days 01:00:00.000000000,2020-04-12T19:00:00+00:00
94,Cancun - Beach,2 days 00:00:00.000000000,2020-11-21T00:00:00+00:00
95,Haircut,0 days 01:00:00.000000000,2020-11-02T00:00:00+00:00
96,Cleanup - email,0 days 01:30:00.000000000,2020-02-13T04:30:00+00:00
97,Plan - Week - System Design,0 days 02:30:00.000000000,2020-02-17T04:30:00+00:00
98,Social - Liad,0 days 03:00:00.000000000,2020-11-02T01:00:00+00:00
99,Code - Problem Solving,0 days 01:00:00.000000000,2020-04-26T18:00:00+00:00
100,Social - Sella - Podcast,0 days 01:00:00.000000000,2020-04-04T05:00:00+00:00
101,Plan - Week,0 days 01:00:00.000000000,2020-11-08T20:00:00+00:00
102,Code - Problem Solving - Leetcode,0 days 03:00:00.000000000,2020-01-26T19:00:00+00:00
103,ML - Course - statistics,0 days 01:00:00.000000000,2020-01-22T05:00:00+00:00
104,Analyze - Flexible withdrawal rate,0 days 01:30:00.000000000,2020-09-13T05:30:00+00:00
105,Flight to London (DL 4421),0 days 05:20:00.000000000,2020-01-13T05:00:00+00:00
106,Cheeps - Elastic Beans,0 days 03:00:00.000000000,2020-04-28T03:00:00+00:00
107,What to do,0 days 01:00:00.000000000,2020-04-30T05:00:00+00:00
108,Hang picture,0 days 01:15:00.000000000,2020-05-14T06:00:00+00:00
109,Code - Text2Vid,0 days 02:00:00.000000000,2020-06-11T04:00:00+00:00
110,Social - Liad - Move,0 days 08:00:00.000000000,2020-06-27T19:00:00+00:00
111,Social - Mati,0 days 02:30:00.000000000,2020-03-08T05:30:00+00:00
112,Cleanup - bathroom,0 days 01:00:00.000000000,2020-05-02T01:30:00+00:00
113,Check account,0 days 01:00:00.000000000,2020-07-02T05:00:00+00:00
114,Analyze - Free Will,0 days 03:00:00.000000000,2020-05-02T23:00:00+00:00
115,Shiran,0 days 02:00:00.000000000,2020-03-28T17:00:00+00:00
116,Social - Mati,0 days 03:00:00.000000000,2020-06-28T04:00:00+00:00
117,Social - Mati,0 days 02:30:00.000000000,2020-06-06T03:30:00+00:00
118,Shiran - Lake,0 days 04:30:00.000000000,2020-06-28T21:30:00+00:00
119,Code - Text2Vid,0 days 02:30:00.000000000,2020-05-27T04:00:00+00:00
120,E*TRADE for Shiran,0 days 01:00:00.000000000,2020-05-03T22:00:00+00:00
121,Cleanup - computer,0 days 01:00:00.000000000,2020-04-05T19:30:00+00:00
122,Learn - Power and Politics,0 days 02:00:00.000000000,2020-10-08T03:00:00+00:00
123,Plan - Week,0 days 01:00:00.000000000,2020-04-11T05:00:00+00:00
124,Cleanup - email,0 days 02:00:00.000000000,2020-01-20T21:00:00+00:00
125,"Social - Meils, Javier, JP",0 days 03:30:00.000000000,2020-01-25T04:30:00+00:00
126,Postnup,0 days 01:00:00.000000000,2020-11-11T04:00:00+00:00
127,Code - Text2Vid,0 days 03:00:00.000000000,2020-06-24T03:00:00+00:00
128,Social - Mati,0 days 03:00:00.000000000,2020-03-03T05:00:00+00:00
129,Socail - Mushroom ceremony - Riccardo,0 days 17:00:00.000000000,2020-03-15T01:00:00+00:00
130,Startup - YC - Group session,0 days 01:00:00.000000000,2020-03-06T03:00:00+00:00
131,Real Estate - Paint,0 days 01:00:00.000000000,2020-12-01T04:00:00+00:00
132,Real Estate - Talk to Hemlane regarding complaint about tenants,0 days 01:00:00.000000000,2020-03-10T04:00:00+00:00
133,Code - Interview - C++,0 days 01:30:00.000000000,2020-05-04T04:30:00+00:00
134,Code - Problem Solving,0 days 01:00:00.000000000,2020-11-14T17:00:00+00:00
135,Learn - Power and Politics,0 days 02:00:00.000000000,2020-10-14T03:00:00+00:00
136,Learn - Power and Politics,0 days 01:00:00.000000000,2020-10-09T03:00:00+00:00
137,"Social - Maya, Gal - Park",0 days 05:00:00.000000000,2020-05-10T20:00:00+00:00
138,Social - Daniel - Wedding,0 days 04:00:00.000000000,2020-01-02T18:00:00+00:00
139,Code - Text2Vid,0 days 02:00:00.000000000,2020-06-07T03:00:00+00:00
140,Code - Problem Solving,0 days 01:00:00.000000000,2020-03-29T18:00:00+00:00
141,יום חופש,1 days 00:00:00.000000000,2020-11-15T00:00:00+00:00
142,Family - Bbq,0 days 03:00:00.000000000,2020-08-01T09:00:00+00:00
143,Social - Gilad Shamri,0 days 07:00:00.000000000,2020-10-31T22:00:00+00:00
144,Code - Text2Vid,0 days 02:00:00.000000000,2020-06-05T04:00:00+00:00
145,Analyze - previous year investments,0 days 05:00:00.000000000,2020-01-02T11:00:00+00:00
146,Social - Gilad Shamri,0 days 02:00:00.000000000,2020-02-22T06:00:00+00:00
147,Cleanup - email,0 days 01:00:00.000000000,2020-05-17T17:00:00+00:00
148,Cleanup - email,0 days 01:00:00.000000000,2020-06-16T04:00:00+00:00
149,Code - Interview - Preparation - System Design,0 days 02:00:00.000000000,2020-04-24T04:00:00+00:00
150,Social - Mati,0 days 05:00:00.000000000,2020-05-17T21:00:00+00:00
151,Code - Problem Solving,0 days 01:00:00.000000000,2020-08-16T17:00:00+00:00
152,Trip - Lunch + Park presidio,0 days 05:00:00.000000000,2020-01-18T20:00:00+00:00
153,Code - Problem Solving,0 days 01:00:00.000000000,2020-09-27T17:00:00+00:00
154,Social - Monica,0 days 04:00:00.000000000,2020-12-12T20:00:00+00:00
155,Code - Text2Vid,0 days 02:30:00.000000000,2020-05-28T04:00:00+00:00
156,Social - Sivan,0 days 03:00:00.000000000,2020-02-29T05:00:00+00:00
157,Cancun - Tulum,2 days 00:00:00.000000000,2020-11-25T00:00:00+00:00
158,Social - Kristian,0 days 04:00:00.000000000,2020-07-11T20:00:00+00:00
159,Analyze - GDP vs Income,0 days 03:00:00.000000000,2020-12-13T05:00:00+00:00
160,Plan - Week,0 days 01:00:00.000000000,2020-06-25T05:00:00+00:00
161,Social - Liad,0 days 03:00:00.000000000,2020-03-28T02:30:00+00:00
162,Code - Text2Vid,0 days 02:00:00.000000000,2020-06-12T03:00:00+00:00
163,Talk to mint - Optum bank,0 days 00:30:00.000000000,2020-02-04T01:00:00+00:00
164,ML - Face detection,0 days 02:00:00.000000000,2020-01-19T18:00:00+00:00
165,Plan - Week,0 days 01:00:00.000000000,2020-10-05T04:00:00+00:00
166,Startup founders breakfast ,0 days 02:00:00.000000000,2020-02-20T16:30:00+00:00
167,Cleanup - email,0 days 01:00:00.000000000,2020-05-03T19:00:00+00:00
168,Cleanup - bathroom,0 days 01:00:00.000000000,2020-12-02T05:00:00+00:00
169,Shiran - Beach,0 days 03:00:00.000000000,2020-08-03T07:00:00+00:00
170,Social - Isaac,0 days 05:00:00.000000000,2020-10-04T20:00:00+00:00
171,Code - Text2Vid,0 days 01:30:00.000000000,2020-05-29T05:00:00+00:00
172,"Social - Eyal, Daniel",0 days 03:00:00.000000000,2020-07-24T09:00:00+00:00
173,Plan - Mexico,0 days 03:00:00.000000000,2020-10-12T03:00:00+00:00
174,Analyze - Civilian casualties ratio,0 days 01:00:00.000000000,2020-02-13T06:00:00+00:00
175,Cleanup - email,0 days 01:00:00.000000000,2020-09-20T18:00:00+00:00
176,Find chat,0 days 01:00:00.000000000,2020-07-07T05:00:00+00:00
177,Code - Interview - Preparation - System Design,0 days 01:00:00.000000000,2020-04-25T04:00:00+00:00
178,Social - Mati - BBQ,0 days 03:30:00.000000000,2020-07-05T03:30:00+00:00
179,ML - Deepmoney - Training on sample,0 days 03:00:00.000000000,2020-04-15T03:00:00+00:00
180,Learn - Power and Politics,0 days 01:00:00.000000000,2020-10-16T00:00:00+00:00
181,Cleanup - bathroom,0 days 01:00:00.000000000,2020-06-02T04:00:00+00:00
182,Ashley ,0 days 01:00:00.000000000,2020-12-01T06:00:00+00:00
183,Code - Problem Solving,0 days 01:00:00.000000000,2020-11-01T18:00:00+00:00
184,Check account,0 days 01:00:00.000000000,2020-06-02T03:00:00+00:00
185,Analyze - Inequality in America,0 days 02:00:00.000000000,2020-11-09T04:00:00+00:00
186,Analyze - Robo advisors,0 days 01:00:00.000000000,2020-03-31T04:00:00+00:00
187,Investments - Real Estate - Analyze syndications,0 days 01:00:00.000000000,2020-01-31T05:00:00+00:00
188,Cleanup - email,0 days 01:00:00.000000000,2020-10-20T04:00:00+00:00
189,Plan - Week,0 days 01:00:00.000000000,2020-08-16T19:00:00+00:00
190,Reset Mac,0 days 03:00:00.000000000,2020-04-18T03:00:00+00:00
191,Trip - London,0 days 03:00:00.000000000,2020-01-13T11:00:00+00:00
192,"Social - Bot, Rafaeli",0 days 04:00:00.000000000,2020-06-21T03:00:00+00:00
193,Plan - Week,0 days 01:00:00.000000000,2020-07-07T04:00:00+00:00
194,Cleanup - email,0 days 01:00:00.000000000,2020-11-14T18:00:00+00:00
195,ML - Face detection,0 days 02:00:00.000000000,2020-01-20T02:00:00+00:00
196,Analyze - rewards,0 days 02:00:00.000000000,2020-01-06T07:30:00+00:00
197,Haircut,0 days 01:00:00.000000000,2020-02-02T07:00:00+00:00
198,Analyze - Poker,0 days 02:00:00.000000000,2020-12-15T05:00:00+00:00
199,"Social - Eyal, Daniel, Ziv",0 days 04:00:00.000000000,2020-07-23T18:00:00+00:00
200,Social - Monica,0 days 03:00:00.000000000,2020-10-10T04:00:00+00:00
201,Code - Problem Solving,0 days 01:00:00.000000000,2020-07-12T07:00:00+00:00
202,Check account,0 days 01:00:00.000000000,2020-12-02T02:00:00+00:00
203,Social - Sella - Podcast,0 days 01:00:00.000000000,2020-03-21T04:30:00+00:00
204,Code - Problem Solving,0 days 01:00:00.000000000,2020-04-12T18:00:00+00:00
205,Social - Monica,0 days 03:00:00.000000000,2020-10-03T04:00:00+00:00
206,Analyze - Flexible withdrawal rate,0 days 02:00:00.000000000,2020-09-14T04:00:00+00:00
207,Social - Mati - Hike + Dinner,0 days 07:00:00.000000000,2020-03-21T21:00:00+00:00
208,"Social - Sella, Mati",0 days 02:00:00.000000000,2020-01-30T05:00:00+00:00
209,Investments - Real Estate - Sign contract,0 days 02:30:00.000000000,2020-02-05T05:00:00+00:00
210,Social - Monica,0 days 03:00:00.000000000,2020-06-20T20:00:00+00:00
211,Cleanup - email,0 days 01:00:00.000000000,2020-03-02T05:00:00+00:00
212,Code - Interview - Preparation - System Design,0 days 02:00:00.000000000,2020-04-21T04:00:00+00:00
213,Cleanup - email,0 days 01:00:00.000000000,2020-04-27T05:00:00+00:00
214,Learn - Power and Politics,0 days 01:00:00.000000000,2020-10-01T05:00:00+00:00
215,Cleanup - email,0 days 01:00:00.000000000,2020-07-12T08:00:00+00:00
216,Code - Interview - Preparation - System Design,0 days 02:00:00.000000000,2020-03-27T04:00:00+00:00
217,Code - Interview - C++,0 days 01:30:00.000000000,2020-05-01T04:30:00+00:00
218,Cleanup - email,0 days 01:00:00.000000000,2020-03-09T03:30:00+00:00
219,Cancun - Isla Mujeres,2 days 00:00:00.000000000,2020-11-23T00:00:00+00:00
220,Flight to San Francisco (DL 4362),0 days 11:05:00.000000000,2020-01-13T16:15:00+00:00
221,Social - Cambria - Zoom Party,0 days 03:00:00.000000000,2020-04-12T04:00:00+00:00
222,Check account,0 days 01:00:00.000000000,2020-02-03T05:00:00+00:00
223,Cleanup - email,0 days 01:00:00.000000000,2020-01-22T04:00:00+00:00
224,Startup - YC - Application,0 days 01:00:00.000000000,2020-03-17T00:00:00+00:00
225,Code - Problem Solving,0 days 01:00:00.000000000,2020-09-20T17:00:00+00:00
226,Analyze - Plan vs. Execute,0 days 01:00:00.000000000,2020-01-07T09:00:00+00:00
227,Code - Problem Solving,0 days 01:00:00.000000000,2020-10-25T17:00:00+00:00
228,Code - Text2Vid - Wikipedia,0 days 03:00:00.000000000,2020-06-26T03:00:00+00:00
229,Code - Interview - Statistical Questions,0 days 03:00:00.000000000,2020-04-17T03:00:00+00:00
230,Startup - YC - Talk to potential users,0 days 02:00:00.000000000,2020-01-29T05:00:00+00:00
231,Code - Problem Solving,0 days 01:00:00.000000000,2020-11-29T18:00:00+00:00
232,Cleanup - email,0 days 03:00:00.000000000,2020-01-27T00:00:00+00:00
233,Who to donate to,0 days 01:00:00.000000000,2020-12-03T05:00:00+00:00
234,Real Estate - Talk to tenants regarding complaint,0 days 01:00:00.000000000,2020-03-11T04:00:00+00:00
235,הסכם ממון,0 days 01:00:00.000000000,2020-11-17T05:00:00+00:00
236,Shiran - Golden Gate Park,0 days 03:00:00.000000000,2020-06-14T23:00:00+00:00
237,Cleanup - email,0 days 01:00:00.000000000,2020-06-21T19:30:00+00:00
238,Politics - Arie Eldad,0 days 02:00:00.000000000,2020-01-01T19:00:00+00:00
239,Code - Problem Solving,0 days 01:00:00.000000000,2020-03-16T01:30:00+00:00
240,Cleanup - email,0 days 03:00:00.000000000,2020-11-29T22:00:00+00:00
241,Cleanup - email,0 days 01:00:00.000000000,2020-10-25T18:00:00+00:00
242,Code - Problem Solving,0 days 01:00:00.000000000,2020-03-22T19:00:00+00:00
243,Shiran,0 days 01:00:00.000000000,2020-02-23T04:00:00+00:00
244,Cleanup - bathroom,0 days 01:00:00.000000000,2020-11-01T23:00:00+00:00
245,Learn - Power and Politics,0 days 02:00:00.000000000,2020-09-26T04:00:00+00:00
246,Code - Problem Solving,0 days 02:00:00.000000000,2020-07-05T18:00:00+00:00
247,Code - Problem Solving,0 days 01:00:00.000000000,2020-05-26T05:30:00+00:00
248,Interview,0 days 01:00:00.000000000,2020-06-10T03:00:00+00:00
249,Real Estate - Refinance,0 days 01:00:00.000000000,2020-03-22T20:00:00+00:00
250,"Analyze - Inflation, interest rate, real estate prices",0 days 02:00:00.000000000,2020-01-19T23:00:00+00:00
251,Haircut,0 days 01:00:00.000000000,2020-06-02T05:00:00+00:00
252,Code - Interview - Preparation - System Design,0 days 02:00:00.000000000,2020-04-23T04:00:00+00:00
253,ML - Deepmoney - P/E to price change,0 days 03:00:00.000000000,2020-04-12T23:00:00+00:00
254,Twitch Music Presents...,0 days 03:00:00.000000000,2020-02-27T02:00:00+00:00
255,What to do,0 days 01:00:00.000000000,2020-03-09T04:30:00+00:00
256,Super Bowl Party!,0 days 05:00:00.000000000,2020-02-02T23:00:00+00:00
257,"Featuring PyTorch with FB, Autodesk and AWS",0 days 02:00:00.000000000,2020-02-12T02:00:00+00:00
258,"Social - Yoni, Anna",0 days 01:00:00.000000000,2020-01-26T00:00:00+00:00
259,Startup School Group Session,0 days 01:00:00.000000000,2020-02-21T03:00:00+00:00
260,Plan - Week,0 days 01:00:00.000000000,2020-06-16T05:00:00+00:00
261,Social - Nir,0 days 05:00:00.000000000,2020-10-03T20:00:00+00:00
262,Learn - Power and Politics,0 days 02:00:00.000000000,2020-10-07T03:00:00+00:00
263,Startup - YC - Talk to potential users,0 days 02:00:00.000000000,2020-01-28T05:00:00+00:00
264,Book flights,0 days 01:00:00.000000000,2020-05-03T23:00:00+00:00
265,Postnup,0 days 02:00:00.000000000,2020-11-06T05:00:00+00:00
266,Real Estate - LLC,0 days 03:00:00.000000000,2020-03-19T03:00:00+00:00
267,Politics - Debate,0 days 02:00:00.000000000,2020-10-23T03:00:00+00:00
268,Learn - Power and Politics,0 days 02:00:00.000000000,2020-09-22T04:00:00+00:00
269,ML - Interview,0 days 02:00:00.000000000,2020-02-28T05:00:00+00:00
270,"Social - Javi, JP",0 days 04:00:00.000000000,2020-01-25T17:00:00+00:00
271,Shiran - Park,0 days 06:00:00.000000000,2020-10-24T20:00:00+00:00
272,Plan - Mexico,0 days 01:00:00.000000000,2020-10-09T04:00:00+00:00
273,Cleanup - email,0 days 01:00:00.000000000,2020-08-16T18:00:00+00:00
274,Check account,0 days 01:00:00.000000000,2020-11-03T04:00:00+00:00
275,Code - Problem Solving,0 days 01:00:00.000000000,2020-04-19T18:00:00+00:00
276,Code - Problem Solving,0 days 03:00:00.000000000,2020-06-07T18:00:00+00:00
277,Social - Shiran's Family,0 days 05:00:00.000000000,2020-07-25T09:00:00+00:00
278,Cleanup - bathroom,0 days 01:00:00.000000000,2020-02-04T05:00:00+00:00
279,Cleanup - email,0 days 03:00:00.000000000,2020-01-21T04:00:00+00:00
280,Code - Problem Solving,0 days 02:00:00.000000000,2020-12-18T05:00:00+00:00
281,Code - Problem Solving,0 days 01:00:00.000000000,2020-10-20T03:00:00+00:00
282,Social - Mati - BBQ,0 days 05:00:00.000000000,2020-07-03T02:00:00+00:00
283,Code - Text2Vid,0 days 02:00:00.000000000,2020-06-08T03:00:00+00:00
284,Cleanup - bathroom,0 days 01:00:00.000000000,2020-09-28T01:00:00+00:00
285,Shiran - Park,0 days 04:00:00.000000000,2020-06-06T22:00:00+00:00
286,Cleanup - email,0 days 01:00:00.000000000,2020-03-16T02:30:00+00:00
287,Social - Vronsky,0 days 02:00:00.000000000,2020-03-01T21:00:00+00:00
288,Check account,0 days 01:00:00.000000000,2020-04-02T05:00:00+00:00
289,Social - Tal + Mati,0 days 03:00:00.000000000,2020-03-07T21:00:00+00:00
290,Taxes,0 days 03:00:00.000000000,2020-03-17T23:00:00+00:00
291,Social - Mati,0 days 03:00:00.000000000,2020-03-01T05:00:00+00:00
292,Social - Jewbilee,0 days 01:00:00.000000000,2020-11-07T23:00:00+00:00
293,Day off,1 days 00:00:00.000000000,2020-12-05T00:00:00+00:00
294,Postnup,0 days 01:00:00.000000000,2020-11-05T06:00:00+00:00
295,Code - System design,0 days 01:00:00.000000000,2020-02-19T05:00:00+00:00
296,Social - Mati - Burningman Museum,0 days 04:00:00.000000000,2020-02-01T22:00:00+00:00
297,Social - Mati,0 days 04:00:00.000000000,2020-05-02T03:00:00+00:00
298,Check account,0 days 01:00:00.000000000,2020-03-02T04:00:00+00:00
299,"Social - Eyal, Daniel, Ziv, Guy",0 days 04:00:00.000000000,2020-08-08T03:00:00+00:00
300,Code - Problem Solving - Leetcode,0 days 01:00:00.000000000,2020-03-08T19:00:00+00:00
301,Cleanup - email,0 days 01:00:00.000000000,2020-12-06T19:00:00+00:00
302,Shiran - Tik Tok,0 days 01:00:00.000000000,2020-04-06T04:00:00+00:00
303,Cleanup - email,0 days 01:00:00.000000000,2020-10-11T18:00:00+00:00
304,ML - Interview,0 days 02:00:00.000000000,2020-02-25T04:30:00+00:00
305,Check account,0 days 00:30:00.000000000,2020-05-02T01:00:00+00:00
306,Cleanup - email,0 days 01:00:00.000000000,2020-01-17T05:00:00+00:00
307,Cleanup - email,0 days 01:00:00.000000000,2020-11-08T19:00:00+00:00
308,"Social - Javi, Ralph",0 days 05:00:00.000000000,2020-02-23T06:00:00+00:00
309,Code - Interview - Plan,0 days 03:00:00.000000000,2020-03-24T03:00:00+00:00
310,Code - Text2Vid,0 days 03:00:00.000000000,2020-06-17T03:00:00+00:00
311,לשלוח דואר לשכנה ,0 days 00:30:00.000000000,2020-03-11T15:00:00+00:00
312,Social - Mati - Movie night,0 days 03:00:00.000000000,2020-04-03T04:00:00+00:00
313,Analyze - previous year budget,0 days 05:00:00.000000000,2020-01-01T11:00:00+00:00
314,Shiran - Beach,0 days 03:00:00.000000000,2020-08-05T07:00:00+00:00
315,"Cocktails and Tech Networking Mixer | San Francisco W Hotel | Feb. 18, 2020",0 days 02:00:00.000000000,2020-02-19T02:00:00+00:00
316,What to do,0 days 01:00:00.000000000,2020-04-30T05:00:00+00:00
317,Code - Text2Vid,0 days 01:00:00.000000000,2020-06-09T03:00:00+00:00
318,Social - Sella,0 days 03:00:00.000000000,2020-02-02T03:00:00+00:00
319,Code - Problem Solving,0 days 01:00:00.000000000,2020-11-08T18:00:00+00:00
320,Social - Sella,0 days 03:00:00.000000000,2020-01-16T03:00:00+00:00
321,Learn - Power and Politics,0 days 01:00:00.000000000,2020-09-30T04:00:00+00:00
322,ML - Interview,0 days 02:00:00.000000000,2020-02-26T04:30:00+00:00
323,Code - Problem Solving,0 days 01:00:00.000000000,2020-12-13T18:00:00+00:00
324,Startup - YC - Group session,0 days 00:30:00.000000000,2020-01-24T03:00:00+00:00
325,Course - Learn how to learn,0 days 01:00:00.000000000,2020-05-15T05:30:00+00:00
326,Social - Ofir,0 days 04:00:00.000000000,2020-01-04T18:00:00+00:00
327, Social - Jonathan - Fundemica,2 days 00:00:00.000000000,2020-10-17T00:00:00+00:00
328,Cleanup - mail,0 days 01:00:00.000000000,2020-01-15T05:00:00+00:00
329,Cleanup - email,0 days 01:00:00.000000000,2020-04-05T20:30:00+00:00
330,Analyze - Pallacies,0 days 04:00:00.000000000,2020-03-28T22:00:00+00:00
331,Code - Problem Solving,0 days 01:00:00.000000000,2020-12-06T18:00:00+00:00
332,Plan - Week,0 days 01:00:00.000000000,2020-12-01T05:00:00+00:00
333,Flight  UA955 TLV to SFO,0 days 15:05:00.000000000,2020-08-08T21:55:00+00:00
334,Real Estate - LLC,0 days 02:00:00.000000000,2020-07-13T07:00:00+00:00
335,"Social - Liran, Itay, Michal",0 days 02:45:00.000000000,2020-01-05T19:15:00+00:00
336,Code - Problem Solving - Leetcode,0 days 01:00:00.000000000,2020-02-24T06:00:00+00:00
337,Code - Text2Vid,0 days 02:00:00.000000000,2020-06-06T17:00:00+00:00
338,Social - Mati - App,0 days 02:00:00.000000000,2020-04-27T02:00:00+00:00
339,Learn - Power and Politics,0 days 02:00:00.000000000,2020-09-24T04:00:00+00:00
340,Shiran,0 days 01:00:00.000000000,2020-02-23T18:00:00+00:00
341,Shiran - Brunch,0 days 04:00:00.000000000,2020-02-23T22:00:00+00:00
342,Social - Jason,0 days 02:00:00.000000000,2020-10-31T03:00:00+00:00
343,Social - Mati,0 days 05:00:00.000000000,2020-03-14T19:00:00+00:00
344,IRA,0 days 01:00:00.000000000,2020-10-06T05:00:00+00:00
345,ברכה לדניאל ויונית,0 days 01:00:00.000000000,2020-01-03T07:00:00+00:00
346,Code - Problem Solving,0 days 03:30:00.000000000,2020-06-14T17:00:00+00:00
347,Learn - Power and Politics,0 days 02:00:00.000000000,2020-10-15T03:00:00+00:00
348,Read - Crystal Society,0 days 01:00:00.000000000,2020-11-12T04:00:00+00:00
349,Read - Crystal Society,0 days 01:00:00.000000000,2020-11-13T04:00:00+00:00
350,Social - Mati - Beach,0 days 05:00:00.000000000,2020-04-25T21:00:00+00:00
351,Learn - Power and Politics,0 days 02:00:00.000000000,2020-09-25T04:00:00+00:00
352,Code - Problem Solving,0 days 01:00:00.000000000,2020-10-05T03:00:00+00:00
353,ML - Interview,0 days 02:00:00.000000000,2020-01-20T23:00:00+00:00
354,Cleanup - email,0 days 01:00:00.000000000,2020-12-13T19:00:00+00:00
355,Social - Mati - Movie night,0 days 05:00:00.000000000,2020-03-20T00:00:00+00:00
356,Code - Text2Vid,0 days 02:00:00.000000000,2020-06-18T04:00:00+00:00
357,Social - Sella - Podcast,0 days 01:00:00.000000000,2020-04-10T04:00:00+00:00
358,Cheeps - Elastic Beans,0 days 03:00:00.000000000,2020-04-29T03:00:00+00:00
359,Keystone/Jordan NLP Conversation,0 days 00:45:00.000000000,2020-07-08T22:00:00+00:00
360,Social - Ralph,0 days 04:00:00.000000000,2020-02-16T04:00:00+00:00
361,Plan - Week,0 days 01:00:00.000000000,2020-07-12T09:00:00+00:00
362,Problem solving - HRT,0 days 01:30:00.000000000,2020-02-14T05:30:00+00:00
363,Analyze - Haplogroups,0 days 01:00:00.000000000,2020-01-26T17:00:00+00:00
364,Code - Problem Solving,0 days 01:00:00.000000000,2020-05-17T16:00:00+00:00
365,Analyze - Poker,0 days 03:00:00.000000000,2020-12-14T05:00:00+00:00
366,Real Estate - New lease + Paint,0 days 02:00:00.000000000,2020-11-10T04:00:00+00:00
367,Code - Interview - C++,0 days 02:00:00.000000000,2020-05-05T04:00:00+00:00
368,Day off,1 days 00:00:00.000000000,2020-04-04T00:00:00+00:00
369,"Social - Sella, Mati, Gal - Duboce Park",0 days 05:00:00.000000000,2020-04-26T21:00:00+00:00
